Central Florida Knights,/college-basketball/teams/team-page.cfm/team/central-florida
Cincinnati Bearcats,/college-basketball/teams/team-page.cfm/team/cincinnati
Connecticut Huskies,/college-basketball/teams/team-page.cfm/team/connecticut
East Carolina Pirates,/college-basketball/teams/team-page.cfm/team/east-carolina
Houston Cougars,/college-basketball/teams/team-page.cfm/team/houston
Memphis Tigers,/college-basketball/teams/team-page.cfm/team/memphis
South Florida Bulls,/college-basketball/teams/team-page.cfm/team/south-florida
Southern Methodist Mustangs,/college-basketball/teams/team-page.cfm/team/southern-methodist
Temple Owls,/college-basketball/teams/team-page.cfm/team/temple
Tulane Green Wave,/college-basketball/teams/team-page.cfm/team/tulane
Tulsa Golden Hurricane,/college-basketball/teams/team-page.cfm/team/tulsa
Wichita State Shockers,/college-basketball/teams/team-page.cfm/team/wichita-state
Florida Gulf Coast Eagles,/college-basketball/teams/team-page.cfm/team/florida-gulf-coast
Jacksonville Dolphins,/college-basketball/teams/team-page.cfm/team/jacksonville
Kennesaw State Owls,/college-basketball/teams/team-page.cfm/team/kennesaw-state
Lipscomb Bison,/college-basketball/teams/team-page.cfm/team/lipscomb
New Jersey Tech Highlanders,/college-basketball/teams/team-page.cfm/team/new-jersey-tech
North Florida Ospreys,/college-basketball/teams/team-page.cfm/team/north-florida
South Carolina-Upstate Spartans,/college-basketball/teams/team-page.cfm/team/south-carolina-upstate
Stetson Hatters,/college-basketball/teams/team-page.cfm/team/stetson
Eastern Washington Eagles,/college-basketball/teams/team-page.cfm/team/eastern-washington
Idaho Vandals,/college-basketball/teams/team-page.cfm/team/idaho
Idaho State Bengals,/college-basketball/teams/team-page.cfm/team/idaho-state
Montana Grizzlies,/college-basketball/teams/team-page.cfm/team/montana
Montana State Bobcats,/college-basketball/teams/team-page.cfm/team/montana-state
North Dakota Fighting Hawks,/college-basketball/teams/team-page.cfm/team/north-dakota
Northern Arizona Lumberjacks,/college-basketball/teams/team-page.cfm/team/northern-arizona
Northern Colorado Bears,/college-basketball/teams/team-page.cfm/team/northern-colorado
Portland State Vikings,/college-basketball/teams/team-page.cfm/team/portland-state
California State-Sacramento Hornets,/college-basketball/teams/team-page.cfm/team/california-state-sacramento
Southern Utah Thunderbirds,/college-basketball/teams/team-page.cfm/team/southern-utah
Weber State Wildcats,/college-basketball/teams/team-page.cfm/team/weber-state
Cal Poly-Slo Mustangs,/college-basketball/teams/team-page.cfm/team/california-polytechnic-state-san-luis-obispo
California-Riverside Highlanders,/college-basketball/teams/team-page.cfm/team/california-riverside
California State-Fullerton Titans,/college-basketball/teams/team-page.cfm/team/california-state-fullerton
Hawaii Rainbow Warriors,/college-basketball/teams/team-page.cfm/team/hawaii-manoa
California State-Long Beach 49ers,/college-basketball/teams/team-page.cfm/team/california-state-long-beach
California State-Northridge Matadors,/college-basketball/teams/team-page.cfm/team/california-state-northridge
California-Santa Barbara Gauchos,/college-basketball/teams/team-page.cfm/team/california-santa-barbara
California-Davis Aggies,/college-basketball/teams/team-page.cfm/team/california-davis
California-Irvine Anteaters,/college-basketball/teams/team-page.cfm/team/california-irvine
Cleveland State Vikings,/college-basketball/teams/team-page.cfm/team/cleveland-state
Detroit-Mercy Titans,/college-basketball/teams/team-page.cfm/team/detroit-mercy
Illinois-Chicago Flames,/college-basketball/teams/team-page.cfm/team/illinois-chicago
Indiana-Purdue Jaguars,/college-basketball/teams/team-page.cfm/team/indiana-purdue
Northern Kentucky Norse,/college-basketball/teams/team-page.cfm/team/northern-kentucky
Oakland Golden Grizzlies,/college-basketball/teams/team-page.cfm/team/oakland
Wisconsin-Milwaukee Panthers,/college-basketball/teams/team-page.cfm/team/wisconsin-milwaukee
Wisconsin-Green Bay Phoenix,/college-basketball/teams/team-page.cfm/team/wisconsin-green-bay
Wright State Raiders,/college-basketball/teams/team-page.cfm/team/wright-state
Youngstown State Penguins,/college-basketball/teams/team-page.cfm/team/youngstown-state
Akron Zips,/college-basketball/teams/team-page.cfm/team/akron
Ball State Cardinals,/college-basketball/teams/team-page.cfm/team/ball-state
Bowling Green State Falcons,/college-basketball/teams/team-page.cfm/team/bowling-green-state
Buffalo Bulls,/college-basketball/teams/team-page.cfm/team/suny-buffalo
Central Michigan Chippewas,/college-basketball/teams/team-page.cfm/team/central-michigan
Eastern Michigan Eagles,/college-basketball/teams/team-page.cfm/team/eastern-michigan
Kent State Golden Flashes,/college-basketball/teams/team-page.cfm/team/kent-state
Miami-Ohio Redhawks,/college-basketball/teams/team-page.cfm/team/miami-ohio
Northern Illinois Huskies,/college-basketball/teams/team-page.cfm/team/northern-illinois
Ohio Bobcats,/college-basketball/teams/team-page.cfm/team/ohio
Toledo Rockets,/college-basketball/teams/team-page.cfm/team/toledo
Western Michigan Broncos,/college-basketball/teams/team-page.cfm/team/western-michigan
Air Force Falcons,/college-basketball/teams/team-page.cfm/team/air-force
Boise State Broncos,/college-basketball/teams/team-page.cfm/team/boise-state
Colorado State Rams,/college-basketball/teams/team-page.cfm/team/colorado-state
Fresno State Bulldogs,/college-basketball/teams/team-page.cfm/team/fresno-state
Nevada Wolf Pack,/college-basketball/teams/team-page.cfm/team/nevada
New Mexico Lobos,/college-basketball/teams/team-page.cfm/team/new-mexico
San Diego State Aztecs,/college-basketball/teams/team-page.cfm/team/san-diego-state
San Jose State Spartans,/college-basketball/teams/team-page.cfm/team/san-jose-state
UNLV Rebels,/college-basketball/teams/team-page.cfm/team/nevada-las-vegas
Utah State Aggies,/college-basketball/teams/team-page.cfm/team/utah-state
Wyoming Cowboys,/college-basketball/teams/team-page.cfm/team/wyoming
Arizona Wildcats,/college-basketball/teams/team-page.cfm/team/arizona
Arizona State Sun Devils,/college-basketball/teams/team-page.cfm/team/arizona-state
California Golden Bears,/college-basketball/teams/team-page.cfm/team/california-berkeley
Colorado Buffaloes,/college-basketball/teams/team-page.cfm/team/colorado
Oregon Ducks,/college-basketball/teams/team-page.cfm/team/oregon
Oregon State Beavers,/college-basketball/teams/team-page.cfm/team/oregon-state
Southern California Trojans,/college-basketball/teams/team-page.cfm/team/southern-california
Stanford Cardinal,/college-basketball/teams/team-page.cfm/team/stanford
UCLA Bruins,/college-basketball/teams/team-page.cfm/team/california-los-angeles
Utah Utes,/college-basketball/teams/team-page.cfm/team/utah
Washington Huskies,/college-basketball/teams/team-page.cfm/team/washington
Washington State Cougars,/college-basketball/teams/team-page.cfm/team/washington-state
East Tennessee State Buccaneers,/college-basketball/teams/team-page.cfm/team/east-tennessee-state
Furman  Paladins,/college-basketball/teams/team-page.cfm/team/furman
Mercer Bears,/college-basketball/teams/team-page.cfm/team/mercer
Samford Bulldogs,/college-basketball/teams/team-page.cfm/team/samford
Citadel Bulldogs,/college-basketball/teams/team-page.cfm/team/the-citadel
North Carolina-Greensboro Spartans,/college-basketball/teams/team-page.cfm/team/north-carolina-greensboro
Tennessee-Chattanooga Moccasins,/college-basketball/teams/team-page.cfm/team/tennessee-chattanooga
Virginia Military Keydets,/college-basketball/teams/team-page.cfm/team/virginia-military-institute
Western Carolina Catamounts,/college-basketball/teams/team-page.cfm/team/western-carolina
Wofford Terriers,/college-basketball/teams/team-page.cfm/team/wofford-college
Denver Pioneers,/college-basketball/teams/team-page.cfm/team/denver
IUPU-Fort Wayne Mastadons,/college-basketball/teams/team-page.cfm/team/indiana-purdue-fort-wayne
Nebraska-Omaha Mavericks,/college-basketball/teams/team-page.cfm/team/nebraska-omaha
North Dakota State Bison,/college-basketball/teams/team-page.cfm/team/north-dakota-state
Oral Roberts Golden Eagles,/college-basketball/teams/team-page.cfm/team/oral-roberts
South Dakota Coyotes,/college-basketball/teams/team-page.cfm/team/south-dakota
South Dakota State Jackrabbits,/college-basketball/teams/team-page.cfm/team/south-dakota-state
Western Illinois Leathernecks,/college-basketball/teams/team-page.cfm/team/western-illinois
Chicago State Cougars,/college-basketball/teams/team-page.cfm/team/chicago-state
California State-Bakersfield Roadrunners,/college-basketball/teams/team-page.cfm/team/california-state-bakersfield
Grand Canyon Antelope,/college-basketball/teams/team-page.cfm/team/grand-canyon
New Mexico State Aggies,/college-basketball/teams/team-page.cfm/team/new-mexico-state
Seattle University Red Hawks,/college-basketball/teams/team-page.cfm/team/seattle-university
Texas Rio Grande Vaqueros,/college-basketball/teams/team-page.cfm/team/texas-rio-grande-valley
Missouri-Kansas City Kangaroos,/college-basketball/teams/team-page.cfm/team/missouri-kansas-city
Utah Valley Wolverines,/college-basketball/teams/team-page.cfm/team/utah-valley
Davidson College Wildcats,/college-basketball/teams/team-page.cfm/team/davidson-college
Dayton Flyers,/college-basketball/teams/team-page.cfm/team/dayton
Duquesne Dukes,/college-basketball/teams/team-page.cfm/team/duquesne
Fordham Rams,/college-basketball/teams/team-page.cfm/team/fordham
George Mason Patriots,/college-basketball/teams/team-page.cfm/team/george-mason
George Washington Colonials,/college-basketball/teams/team-page.cfm/team/george-washington
La Salle Explorers,/college-basketball/teams/team-page.cfm/team/la-salle-university
Massachusetts Minutemen,/college-basketball/teams/team-page.cfm/team/massachusetts-amherst
Rhode Island Rams,/college-basketball/teams/team-page.cfm/team/rhode-island
Richmond Spiders,/college-basketball/teams/team-page.cfm/team/richmond
Saint Louis Billikens,/college-basketball/teams/team-page.cfm/team/saint-louis
Saint Josephs-Pennsylvania Hawks,/college-basketball/teams/team-page.cfm/team/saint-josephs
Saint Bonaventure Bonnies,/college-basketball/teams/team-page.cfm/team/saint-bonaventure
Virginia Commonwealth Rams,/college-basketball/teams/team-page.cfm/team/virginia-commonwealth
Baylor Bears,/college-basketball/teams/team-page.cfm/team/baylor
Iowa State Cyclones,/college-basketball/teams/team-page.cfm/team/iowa-state
Kansas Jayhawks,/college-basketball/teams/team-page.cfm/team/kansas
Kansas State Wildcats,/college-basketball/teams/team-page.cfm/team/kansas-state
Oklahoma Sooners,/college-basketball/teams/team-page.cfm/team/oklahoma
Oklahoma State Cowboys,/college-basketball/teams/team-page.cfm/team/oklahoma-state
Texas Longhorns,/college-basketball/teams/team-page.cfm/team/texas-austin
Texas Christian Horned Frogs,/college-basketball/teams/team-page.cfm/team/texas-christian
Texas Tech Red Raiders,/college-basketball/teams/team-page.cfm/team/texas-tech
West Virginia Mountaineers,/college-basketball/teams/team-page.cfm/team/west-virginia
Campbell Fighting Camels,/college-basketball/teams/team-page.cfm/team/campbell
Charleston Southern Buccaneers,/college-basketball/teams/team-page.cfm/team/charleston-southern
Gardner Webb Runnin Bulldogs,/college-basketball/teams/team-page.cfm/team/gardner-webb
High Point Panthers,/college-basketball/teams/team-page.cfm/team/high-point
Liberty University Flames,/college-basketball/teams/team-page.cfm/team/liberty
Longwood Lancers,/college-basketball/teams/team-page.cfm/team/longwood
Presbyterian Blue Hose,/college-basketball/teams/team-page.cfm/team/presbyterian-college
Radford Highlanders,/college-basketball/teams/team-page.cfm/team/radford
North Carolina-Asheville Bulldogs,/college-basketball/teams/team-page.cfm/team/north-carolina-asheville
Winthrop Eagles,/college-basketball/teams/team-page.cfm/team/winthrop
College of Charleston Cougars,/college-basketball/teams/team-page.cfm/team/college-of-charleston-south-carolina
Delaware Blue Hens,/college-basketball/teams/team-page.cfm/team/delaware
Drexel Dragons,/college-basketball/teams/team-page.cfm/team/drexel
Elon Phoenix,/college-basketball/teams/team-page.cfm/team/elon-university
Hofstra Pride,/college-basketball/teams/team-page.cfm/team/hofstra
James Madison Dukes,/college-basketball/teams/team-page.cfm/team/james-madison
Northeastern Huskies,/college-basketball/teams/team-page.cfm/team/northeastern-university
Towson Tigers,/college-basketball/teams/team-page.cfm/team/towson
North Carolina-Wilmington Seahawks,/college-basketball/teams/team-page.cfm/team/north-carolina-wilmington
William & Mary Tribe,/college-basketball/teams/team-page.cfm/team/college-of-william-mary
Brown Bears,/college-basketball/teams/team-page.cfm/team/brown
Columbia Lions,/college-basketball/teams/team-page.cfm/team/columbia
Cornell Big Red,/college-basketball/teams/team-page.cfm/team/cornell
Dartmouth College Big Green,/college-basketball/teams/team-page.cfm/team/dartmouth-college
Harvard Crimson,/college-basketball/teams/team-page.cfm/team/harvard
Pennsylvania Quakers,/college-basketball/teams/team-page.cfm/team/pennsylvania
Princeton Tigers,/college-basketball/teams/team-page.cfm/team/princeton
Yale Bulldogs,/college-basketball/teams/team-page.cfm/team/yale
Bethune Cookman Wildcats,/college-basketball/teams/team-page.cfm/team/bethune-cookman-college
Coppin State Eagles,/college-basketball/teams/team-page.cfm/team/coppin-state
Delaware State Hornets,/college-basketball/teams/team-page.cfm/team/delaware-state
Florida A&M Rattlers,/college-basketball/teams/team-page.cfm/team/florida-am
Hampton University Pirates,/college-basketball/teams/team-page.cfm/team/hampton
Howard Bison,/college-basketball/teams/team-page.cfm/team/howard
Maryland-Eastern Shore Hawks,/college-basketball/teams/team-page.cfm/team/maryland-eastern-shore
Morgan State Bears,/college-basketball/teams/team-page.cfm/team/morgan-state
North Carolina Central Eagles,/college-basketball/teams/team-page.cfm/team/north-carolina-central
Norfolk State Spartans,/college-basketball/teams/team-page.cfm/team/norfolk-state
North Carolina A&T Aggies,/college-basketball/teams/team-page.cfm/team/north-carolina-at
Savannah State Tigers,/college-basketball/teams/team-page.cfm/team/savannah-state
South Carolina State Bulldogs,/college-basketball/teams/team-page.cfm/team/south-carolina-state
Bryant University Bulldogs,/college-basketball/teams/team-page.cfm/team/bryant-university
Central Connecticut State Blue Devils,/college-basketball/teams/team-page.cfm/team/central-connecticut-state
Fairleigh Dickinson-Metropolitan Knights,/college-basketball/teams/team-page.cfm/team/fairleigh-dickinson-metropolitan
Long Island Brooklyn Blackbirds,/college-basketball/teams/team-page.cfm/team/long-island-brooklyn
Mount Saint Marys Mountaineers,/college-basketball/teams/team-page.cfm/team/mount-saint-marys
Robert Morris Colonials,/college-basketball/teams/team-page.cfm/team/robert-morris
Sacred Heart Pioneers,/college-basketball/teams/team-page.cfm/team/sacred-heart
Saint Francis-Pennsylvania Red Flash,/college-basketball/teams/team-page.cfm/team/saint-francis-pennsylvania
Saint Francis-New York Terriers,/college-basketball/teams/team-page.cfm/team/saint-francis-college-new-york
Wagner Seahawks,/college-basketball/teams/team-page.cfm/team/wagner-college
American Eagles,/college-basketball/teams/team-page.cfm/team/american-university
Army Black Knights,/college-basketball/teams/team-page.cfm/team/army
Boston University Terriers,/college-basketball/teams/team-page.cfm/team/boston-university
Bucknell Bison,/college-basketball/teams/team-page.cfm/team/bucknell
Colgate Red Raiders,/college-basketball/teams/team-page.cfm/team/colgate
Holy Cross Crusaders,/college-basketball/teams/team-page.cfm/team/college-of-holy-cross
Lafayette College Leopards,/college-basketball/teams/team-page.cfm/team/lafayette-college
Lehigh Mountain Hawks,/college-basketball/teams/team-page.cfm/team/lehigh
Loyola-Maryland Greyhounds,/college-basketball/teams/team-page.cfm/team/loyola-college-maryland
Navy Midshipmen,/college-basketball/teams/team-page.cfm/team/navy
Abilene Christian Wildcats,/college-basketball/teams/team-page.cfm/team/abilene-christian
Central Arkansas Bears,/college-basketball/teams/team-page.cfm/team/central-arkansas
Houston Baptist Huskies,/college-basketball/teams/team-page.cfm/team/houston-baptist
Incarnate Word Cardinals,/college-basketball/teams/team-page.cfm/team/incarnate-word
Lamar Cardinals,/college-basketball/teams/team-page.cfm/team/lamar
McNeese State Cowboys,/college-basketball/teams/team-page.cfm/team/mcneese-state
New Orleans Privateers,/college-basketball/teams/team-page.cfm/team/new-orleans
Nicholls State Colonels,/college-basketball/teams/team-page.cfm/team/nicholls-state
Northwestern State Demons,/college-basketball/teams/team-page.cfm/team/northwestern-state
Sam Houston State Bearkats,/college-basketball/teams/team-page.cfm/team/sam-houston-state
Southeastern Louisiana Lions,/college-basketball/teams/team-page.cfm/team/southeastern-louisiana
Stephen F. Austin State Lumberjacks,/college-basketball/teams/team-page.cfm/team/stephen-f-austin-state
Texas A&M-Corpus Christi Islanders,/college-basketball/teams/team-page.cfm/team/texas-am-corpus-christi
Appalachian State Mountaineers,/college-basketball/teams/team-page.cfm/team/appalachian-state
Arkansas State Red Wolves,/college-basketball/teams/team-page.cfm/team/arkansas-state
Arkansas-Little Rock Trojans,/college-basketball/teams/team-page.cfm/team/arkansas-little-rock
Coastal Carolina Chanticleers,/college-basketball/teams/team-page.cfm/team/coastal-carolina
Georgia Southern Eagles,/college-basketball/teams/team-page.cfm/team/georgia-southern
Georgia State Panthers,/college-basketball/teams/team-page.cfm/team/georgia-state
Louisiana-Monroe Warhawks,/college-basketball/teams/team-page.cfm/team/louisiana-monroe
Louisiana-Lafayette Ragin Cajuns,/college-basketball/teams/team-page.cfm/team/louisiana-lafayette
South Alabama Jaguars,/college-basketball/teams/team-page.cfm/team/south-alabama
Texas State Bobcats,/college-basketball/teams/team-page.cfm/team/texas-state
Texas-Arlington Mavericks,/college-basketball/teams/team-page.cfm/team/texas-arlington
Troy Trojans,/college-basketball/teams/team-page.cfm/team/troy
Albany Great Danes,/college-basketball/teams/team-page.cfm/team/albany
Binghamton Bearcats,/college-basketball/teams/team-page.cfm/team/binghamton
Hartford Hawks,/college-basketball/teams/team-page.cfm/team/hartford
Maine Black Bears,/college-basketball/teams/team-page.cfm/team/maine
Maryland-Baltimore County Retrievers,/college-basketball/teams/team-page.cfm/team/maryland-baltimore-county
Massachusetts-Lowell River Hawks,/college-basketball/teams/team-page.cfm/team/massachusetts-lowell
New Hampshire Wildcats,/college-basketball/teams/team-page.cfm/team/new-hampshire
Stony Brook Seawolves,/college-basketball/teams/team-page.cfm/team/stony-brook-suny
Vermont Catamounts,/college-basketball/teams/team-page.cfm/team/vermont
Boston College Eagles,/college-basketball/teams/team-page.cfm/team/boston-college
Clemson Tigers,/college-basketball/teams/team-page.cfm/team/clemson
Duke Blue Devils,/college-basketball/teams/team-page.cfm/team/duke
Florida State Seminoles,/college-basketball/teams/team-page.cfm/team/florida-state
Georgia Tech Yellow Jackets,/college-basketball/teams/team-page.cfm/team/georgia-tech
Louisville Cardinals,/college-basketball/teams/team-page.cfm/team/louisville
Miami-Florida Hurricanes,/college-basketball/teams/team-page.cfm/team/miami-florida
North Carolina Tar Heels,/college-basketball/teams/team-page.cfm/team/north-carolina
North Carolina State Wolfpack,/college-basketball/teams/team-page.cfm/team/north-carolina-state
Notre Dame Fighting Irish,/college-basketball/teams/team-page.cfm/team/notre-dame
Pittsburgh Panthers,/college-basketball/teams/team-page.cfm/team/pittsburgh
Syracuse Orange,/college-basketball/teams/team-page.cfm/team/syracuse
Virginia Cavaliers,/college-basketball/teams/team-page.cfm/team/virginia
Virginia Tech Hokies,/college-basketball/teams/team-page.cfm/team/virginia-tech
Wake Forest Demon Deacons,/college-basketball/teams/team-page.cfm/team/wake-forest
Butler Bulldogs,/college-basketball/teams/team-page.cfm/team/butler
Creighton Blue Jays,/college-basketball/teams/team-page.cfm/team/creighton
DePaul Blue Demons,/college-basketball/teams/team-page.cfm/team/depaul
Georgetown Hoyas,/college-basketball/teams/team-page.cfm/team/georgetown
Marquette Golden Eagles,/college-basketball/teams/team-page.cfm/team/marquette
Providence Friars,/college-basketball/teams/team-page.cfm/team/providence-college
Seton Hall Pirates,/college-basketball/teams/team-page.cfm/team/seton-hall
Saint Johns Red Storm,/college-basketball/teams/team-page.cfm/team/saint-johns
Villanova Wildcats,/college-basketball/teams/team-page.cfm/team/villanova
Xavier Musketeers,/college-basketball/teams/team-page.cfm/team/xavier
Illinois Fighting Illini,/college-basketball/teams/team-page.cfm/team/illinois-urbana
Indiana Hoosiers,/college-basketball/teams/team-page.cfm/team/indiana
Iowa Hawkeyes,/college-basketball/teams/team-page.cfm/team/iowa
Maryland Terrapins,/college-basketball/teams/team-page.cfm/team/maryland
Michigan Wolverines,/college-basketball/teams/team-page.cfm/team/michigan
Michigan State Spartans,/college-basketball/teams/team-page.cfm/team/michigan-state
Minnesota Golden Gophers,/college-basketball/teams/team-page.cfm/team/minnesota
Nebraska Cornhuskers,/college-basketball/teams/team-page.cfm/team/nebraska
Northwestern Wildcats,/college-basketball/teams/team-page.cfm/team/northwestern-university
Ohio State Buckeyes,/college-basketball/teams/team-page.cfm/team/ohio-state
Penn State Nittany Lions,/college-basketball/teams/team-page.cfm/team/pennsylvania-state
Purdue Boilermakers,/college-basketball/teams/team-page.cfm/team/purdue
Rutgers Scarlet Knights,/college-basketball/teams/team-page.cfm/team/rutgers
Wisconsin Badgers,/college-basketball/teams/team-page.cfm/team/wisconsin-madison
North Carolina-Charlotte 49ers,/college-basketball/teams/team-page.cfm/team/north-carolina-charlotte
Florida Atlantic Owls,/college-basketball/teams/team-page.cfm/team/florida-atlantic
Florida International Panthers,/college-basketball/teams/team-page.cfm/team/florida-international
Louisiana Tech Bulldogs,/college-basketball/teams/team-page.cfm/team/louisiana-tech
Marshall Thundering Herd,/college-basketball/teams/team-page.cfm/team/marshall
Middle Tennessee State Blue Raiders,/college-basketball/teams/team-page.cfm/team/middle-tennessee-state
North Texas Mean Green Eagles,/college-basketball/teams/team-page.cfm/team/north-texas
Old Dominion Monarchs,/college-basketball/teams/team-page.cfm/team/old-dominion
Rice University Owls,/college-basketball/teams/team-page.cfm/team/william-marsh-rice
Southern Mississippi Golden Eagles,/college-basketball/teams/team-page.cfm/team/southern-mississippi
Texas-El Paso Miners,/college-basketball/teams/team-page.cfm/team/texas-el-paso
Texas-San Antonio Roadrunners,/college-basketball/teams/team-page.cfm/team/texas-san-antonio
Alabama-Birmingham Blazers,/college-basketball/teams/team-page.cfm/team/alabama-birmingham
Western Kentucky Hilltoppers,/college-basketball/teams/team-page.cfm/team/western-kentucky
Canisius Golden Griffins,/college-basketball/teams/team-page.cfm/team/canisius-college
Fairfield Stags,/college-basketball/teams/team-page.cfm/team/fairfield
Iona Gaels,/college-basketball/teams/team-page.cfm/team/iona-college
Manhattan Jaspers,/college-basketball/teams/team-page.cfm/team/manhattan-college
Marist Red Foxes,/college-basketball/teams/team-page.cfm/team/marist-college
Monmouth-New Jersey Hawks,/college-basketball/teams/team-page.cfm/team/monmouth-university-new-jersey
Niagara Purple Eagles,/college-basketball/teams/team-page.cfm/team/niagara-university
Quinnipiac Bobcats,/college-basketball/teams/team-page.cfm/team/quinnipiac
Rider Broncs,/college-basketball/teams/team-page.cfm/team/rider
Siena College Saints,/college-basketball/teams/team-page.cfm/team/siena-college
Saint Peters Peacocks,/college-basketball/teams/team-page.cfm/team/saint-peters-college
Bradley Braves,/college-basketball/teams/team-page.cfm/team/bradley
Drake Bulldogs,/college-basketball/teams/team-page.cfm/team/drake
Evansville Aces,/college-basketball/teams/team-page.cfm/team/evansville
Illinois State Redbirds,/college-basketball/teams/team-page.cfm/team/illinois-state
Indiana State Sycamores,/college-basketball/teams/team-page.cfm/team/indiana-state
Loyola-Chicago Ramblers,/college-basketball/teams/team-page.cfm/team/loyola-chicago
Missouri State Bears,/college-basketball/teams/team-page.cfm/team/missouri-state
Northern Iowa Panthers,/college-basketball/teams/team-page.cfm/team/northern-iowa
Southern Illinois Salukis,/college-basketball/teams/team-page.cfm/team/southern-illinois
Valparaiso Crusaders,/college-basketball/teams/team-page.cfm/team/valparaiso
Austin Peay State Governors,/college-basketball/teams/team-page.cfm/team/austin-peay-state
Belmont Bruins,/college-basketball/teams/team-page.cfm/team/belmont
Eastern Kentucky Colonels,/college-basketball/teams/team-page.cfm/team/eastern-kentucky
Eastern Illinois Panthers,/college-basketball/teams/team-page.cfm/team/eastern-illinois
Jacksonville State Gamecocks,/college-basketball/teams/team-page.cfm/team/jacksonville-state
Morehead State Eagles,/college-basketball/teams/team-page.cfm/team/morehead-state
Murray State Racers,/college-basketball/teams/team-page.cfm/team/murray-state
Southern Illinois-Edwardsville Cougars,/college-basketball/teams/team-page.cfm/team/southern-illinois-edwardsville
Southeast Missouri State Redhawks,/college-basketball/teams/team-page.cfm/team/southeast-missouri-state
Tennessee-Martin Skyhawks,/college-basketball/teams/team-page.cfm/team/tennessee-martin
Tennessee State Tigers,/college-basketball/teams/team-page.cfm/team/tennessee-state
Tennessee Tech Golden Eagles,/college-basketball/teams/team-page.cfm/team/tennessee-tech
Alabama Crimson Tide,/college-basketball/teams/team-page.cfm/team/alabama
Arkansas Razorbacks,/college-basketball/teams/team-page.cfm/team/arkansas
Auburn Tigers,/college-basketball/teams/team-page.cfm/team/auburn
Florida Gators,/college-basketball/teams/team-page.cfm/team/florida
Georgia Bulldogs,/college-basketball/teams/team-page.cfm/team/georgia
Kentucky Wildcats,/college-basketball/teams/team-page.cfm/team/kentucky
Louisiana State Tigers,/college-basketball/teams/team-page.cfm/team/louisiana-state
Mississippi Rebels,/college-basketball/teams/team-page.cfm/team/mississippi
Mississippi State Bulldogs,/college-basketball/teams/team-page.cfm/team/mississippi-state
Missouri Tigers,/college-basketball/teams/team-page.cfm/team/missouri-columbia
South Carolina Gamecocks,/college-basketball/teams/team-page.cfm/team/south-carolina
Tennessee Volunteers,/college-basketball/teams/team-page.cfm/team/tennessee
Texas A&M Aggies,/college-basketball/teams/team-page.cfm/team/texas-am
Vanderbilt Commodores,/college-basketball/teams/team-page.cfm/team/vanderbilt
Alabama A&M Bulldogs,/college-basketball/teams/team-page.cfm/team/alabama-am
Alabama State Hornets,/college-basketball/teams/team-page.cfm/team/alabama-state
Alcorn State Braves,/college-basketball/teams/team-page.cfm/team/alcorn-state
Arkansas-Pine Bluff Golden Lions,/college-basketball/teams/team-page.cfm/team/arkansas-pine-bluff
Grambling State Tigers,/college-basketball/teams/team-page.cfm/team/grambling-state
Jackson State Tigers,/college-basketball/teams/team-page.cfm/team/jackson-state
Mississippi Valley State Delta Devils,/college-basketball/teams/team-page.cfm/team/mississippi-valley-state
Prairie View A&M Panthers,/college-basketball/teams/team-page.cfm/team/prairie-view-am
Southern University A&M Jaguars,/college-basketball/teams/team-page.cfm/team/southern-am
Texas Southern Tigers,/college-basketball/teams/team-page.cfm/team/texas-southern
Brigham Young Cougars,/college-basketball/teams/team-page.cfm/team/brigham-young
Gonzaga Bulldogs,/college-basketball/teams/team-page.cfm/team/gonzaga
Loyola-Marymount Lions,/college-basketball/teams/team-page.cfm/team/loyola-marymount
Pacific Tigers,/college-basketball/teams/team-page.cfm/team/pacific
Pepperdine Waves,/college-basketball/teams/team-page.cfm/team/pepperdine
Portland Pilots,/college-basketball/teams/team-page.cfm/team/portland
San Diego Toreros,/college-basketball/teams/team-page.cfm/team/san-diego
San Francisco Dons,/college-basketball/teams/team-page.cfm/team/san-francisco
Santa Clara Broncos,/college-basketball/teams/team-page.cfm/team/santa-clara
Saint Marys College-California Gaels,/college-basketball/teams/team-page.cfm/team/saint-marys-college-california
