Atlantic Coast,ACC
America East,America East
American Athletic Conference,American
Atlantic 10,Atlantic 10
Atlantic Sun,Atlantic Sun
Big 12,Big 12
Big East,Big East
Big Sky,Big Sky
Big South,Big South
Big Ten,Big Ten
Big West,Big West
Colonial Athletic Association,Colonial
Conference USA,Conference USA
Horizon League,Horizon
Ivy League,Ivy
Metro Atlantic Athletic,MAAC
Mid-Eastern Athletic,MEAC
Mid-American,Mid-American
Missouri Valley,Missouri Valley
Mountain West,Mountain West
Northeast,Northeast
Ohio Valley,Ohio Valley
Pacific-12,Pac-12
Patriot League,Patriot League
Southeastern,SEC
Southwestern Athletic,SWAC
Southern,Southern
Southland,Southland
Summit,Summit League
Sun Belt,Sun Belt
Western Athletic,WAC
West Coast,West Coast
